algo,n,mode,seed,time_limit,status,cost,opt_cost,rel_error,elapsed,iterations,opt_cost_bench,rel_error_bench,rel_error_ref,algo_display
aco,25,uniform,0,250.0,ok,1.9153305195961503,1.884642,0.016283474312973167,4.878309488296509,200.0,1.884642070812382,0.016283436127763,unlimited_hungarian,Муравьиный алг-м
hungarian_manual,25,uniform,0,250.0,ok,1.884642070812382,1.884642,3.757338640220098e-08,0.0,85.0,1.884642070812382,0.0,unlimited_hungarian,Венгерский
hungarian_scipy,25,uniform,0,,ok,1.884642070812382,1.884642,3.757338640220098e-08,0.0,,1.884642070812382,0.0,unlimited_hungarian,Венгерский SciPy
greedy,25,uniform,0,,ok,2.789388284937999,1.884642,0.4800626776533683,0.0,,1.884642070812382,0.4800626220424034,unlimited_hungarian,Жадный
aco,25,uniform,1,250.0,ok,1.960150077215385,1.96015,3.9392589856745985e-08,4.985859155654907,200.0,1.9601500772153848,1.1327938993348448e-16,unlimited_hungarian,Муравьиный алг-м
hungarian_manual,25,uniform,1,250.0,ok,1.9601500772153848,1.96015,3.939258963470138e-08,0.0,133.0,1.9601500772153848,0.0,unlimited_hungarian,Венгерский
hungarian_scipy,25,uniform,1,,ok,1.9601500772153848,1.96015,3.939258963470138e-08,0.0,,1.9601500772153848,0.0,unlimited_hungarian,Венгерский SciPy
greedy,25,uniform,1,,ok,3.112644856228399,1.96015,0.5879625825719454,0.0,,1.9601500772153848,0.5879625200179893,unlimited_hungarian,Жадный
aco,25,uniform,2,250.0,ok,1.5317416040274394,1.531742,-2.5851126395082247e-07,5.033538341522217,200.0,1.531741604027439,2.899243636670897e-16,unlimited_hungarian,Муравьиный алг-м
hungarian_manual,25,uniform,2,250.0,ok,1.531741604027439,1.531742,-2.585112642838894e-07,0.014524221420288,95.0,1.531741604027439,0.0,unlimited_hungarian,Венгерский
hungarian_scipy,25,uniform,2,,ok,1.531741604027439,1.531742,-2.585112642838894e-07,0.0,,1.531741604027439,0.0,unlimited_hungarian,Венгерский SciPy
greedy,25,uniform,2,,ok,2.960892775743214,1.531742,0.9330231695306481,0.0,,1.531741604027439,0.9330236692390408,unlimited_hungarian,Жадный
aco,25,uniform,3,250.0,ok,1.3743015712864604,1.374302,-3.1195002225814505e-07,4.989258766174316,200.0,1.3743015712864604,0.0,unlimited_hungarian,Муравьиный алг-м
hungarian_manual,25,uniform,3,250.0,ok,1.3743015712864604,1.374302,-3.1195002225814505e-07,0.0,108.0,1.3743015712864604,0.0,unlimited_hungarian,Венгерский
hungarian_scipy,25,uniform,3,,ok,1.3743015712864604,1.374302,-3.1195002225814505e-07,0.0,,1.3743015712864604,0.0,unlimited_hungarian,Венгерский SciPy
greedy,25,uniform,3,,ok,2.86781155245179,1.374302,1.08674043438181,0.0,,1.3743015712864604,1.0867410853407382,unlimited_hungarian,Жадный
aco,25,uniform,4,250.0,ok,1.52695702447422,1.513854,0.008655408298435585,4.961600303649902,200.0,1.5138543342634123,0.0086551855844062,unlimited_hungarian,Муравьиный алг-м
hungarian_manual,25,uniform,4,250.0,ok,1.5138543342634123,1.513854,2.208029388217625e-07,0.0,60.0,1.5138543342634123,0.0,unlimited_hungarian,Венгерский
hungarian_scipy,25,uniform,4,,ok,1.5138543342634123,1.513854,2.208029388217625e-07,0.0,,1.5138543342634123,0.0,unlimited_hungarian,Венгерский SciPy
greedy,25,uniform,4,,ok,1.935770452619087,1.513854,0.2787035292829343,0.0,,1.5138543342634123,0.2787032469414993,unlimited_hungarian,Жадный
aco,50,uniform,0,250.0,ok,1.249597320815644,1.165253,0.07238283944829482,7.952544927597046,200.0,1.1652531686491898,0.072382684240395,unlimited_hungarian,Муравьиный алг-м
hungarian_manual,50,uniform,0,250.0,ok,1.1652531686491898,1.165253,1.4473182186058864e-07,0.0156238079071044,233.0,1.1652531686491898,0.0,unlimited_hungarian,Венгерский
hungarian_scipy,50,uniform,0,,ok,1.1652531686491898,1.165253,1.4473182186058864e-07,0.0,,1.1652531686491898,0.0,unlimited_hungarian,Венгерский SciPy
greedy,50,uniform,0,,ok,2.824677876557933,1.165253,1.424089769825036,0.0,,1.1652531686491898,1.424089418982158,unlimited_hungarian,Жадный
aco,50,uniform,1,250.0,ok,1.7623389711904545,1.660613,0.06125808432816959,7.579718828201294,200.0,1.6606134242525727,0.0612578131985579,unlimited_hungarian,Муравьиный алг-м
hungarian_manual,50,uniform,1,250.0,ok,1.6606134242525727,1.660613,2.5547949644710854e-07,0.0,179.0,1.6606134242525727,0.0,unlimited_hungarian,Венгерский
hungarian_scipy,50,uniform,1,,ok,1.6606134242525727,1.660613,2.5547949644710854e-07,0.0,,1.6606134242525727,0.0,unlimited_hungarian,Венгерский SciPy
greedy,50,uniform,1,,ok,3.0475553722192386,1.660613,0.8351990332601507,0.0156280994415283,,1.6606134242525727,0.8351985644045459,unlimited_hungarian,Жадный
aco,50,uniform,2,250.0,ok,1.6554040455101855,1.572893,0.05245814274091454,7.652941703796387,200.0,1.5728928051373516,0.0524582731279191,unlimited_hungarian,Муравьиный алг-м
hungarian_manual,50,uniform,2,250.0,ok,1.5728928051373516,1.572893,-1.238880511511553e-07,0.0,211.0,1.5728928051373516,0.0,unlimited_hungarian,Венгерский
hungarian_scipy,50,uniform,2,,ok,1.5728928051373516,1.572893,-1.238880511511553e-07,0.0,,1.5728928051373516,0.0,unlimited_hungarian,Венгерский SciPy
greedy,50,uniform,2,,ok,2.101326918825763,1.572893,0.33596304314773007,0.0,,1.5728928051373516,0.3359632086576085,unlimited_hungarian,Жадный
aco,50,uniform,3,250.0,ok,1.5147268760464212,1.441647,0.05069193502044622,7.767170667648315,200.0,1.441647014985592,0.0506919240987431,unlimited_hungarian,Муравьиный алг-м
hungarian_manual,50,uniform,3,250.0,ok,1.441647014985592,1.441647,1.0394772154143084e-08,0.0156264305114746,264.0,1.441647014985592,0.0,unlimited_hungarian,Венгерский
hungarian_scipy,50,uniform,3,,ok,1.441647014985592,1.441647,1.0394772154143084e-08,0.0,,1.441647014985592,0.0,unlimited_hungarian,Венгерский SciPy
greedy,50,uniform,3,,ok,3.018976972289431,1.441647,1.0941166404046423,0.0,,1.441647014985592,1.0941166186367772,unlimited_hungarian,Жадный
aco,50,uniform,4,250.0,ok,1.4582783039025848,1.38567,0.05239941970496931,7.735805034637451,200.0,1.3856696581784833,0.0523996793142951,unlimited_hungarian,Муравьиный алг-м
hungarian_manual,50,uniform,4,250.0,ok,1.3856696581784833,1.38567,-2.4668320497411855e-07,0.0167620182037353,224.0,1.3856696581784833,0.0,unlimited_hungarian,Венгерский
hungarian_scipy,50,uniform,4,,ok,1.3856696581784833,1.38567,-2.4668320497411855e-07,0.0,,1.3856696581784833,0.0,unlimited_hungarian,Венгерский SciPy
greedy,50,uniform,4,,ok,2.6246051186446246,1.38567,0.894105464248071,0.0,,1.3856696581784833,0.8941059314921929,unlimited_hungarian,Жадный
aco,100,uniform,0,250.0,ok,2.0048039530801853,1.66128,0.20678269351354683,18.686121463775635,200.0,1.6612799516999135,0.2067827285995709,unlimited_hungarian,Муравьиный алг-м
hungarian_manual,100,uniform,0,250.0,ok,1.6612799516999135,1.66128,-2.907401919216568e-08,0.0781600475311279,685.0,1.6612799516999135,0.0,unlimited_hungarian,Венгерский
hungarian_scipy,100,uniform,0,,ok,1.6612799516999135,1.66128,-2.907401919216568e-08,0.0,,1.6612799516999135,0.0,unlimited_hungarian,Венгерский SciPy
greedy,100,uniform,0,,ok,3.4902455053428705,1.66128,1.1009375333133908,0.0,,1.6612799516999135,1.1009375943960906,unlimited_hungarian,Жадный
aco,100,uniform,1,250.0,ok,2.1312595585111684,1.624391,0.3120360544420453,18.850444316864014,200.0,1.624390547679894,0.312036419785397,unlimited_hungarian,Муравьиный алг-м
hungarian_manual,100,uniform,1,250.0,ok,1.624390547679894,1.624391,-2.7845519079416903e-07,0.0781378746032714,902.0,1.624390547679894,0.0,unlimited_hungarian,Венгерский
hungarian_scipy,100,uniform,1,,ok,1.624390547679894,1.624391,-2.7845519079416903e-07,0.0,,1.624390547679894,0.0,unlimited_hungarian,Венгерский SciPy
greedy,100,uniform,1,,ok,3.4659345722894166,1.624391,1.133682452247899,0.0156235694885253,,1.624390547679894,1.1336830463830188,unlimited_hungarian,Жадный
aco,100,uniform,2,250.0,ok,2.148147851960013,1.531652,0.4025038663874123,18.351426124572757,200.0,1.531651942072291,0.4025039194306876,unlimited_hungarian,Муравьиный алг-м
hungarian_manual,100,uniform,2,250.0,ok,1.531651942072291,1.531652,-3.782041158029159e-08,0.0468800067901611,523.0,1.531651942072291,0.0,unlimited_hungarian,Венгерский
hungarian_scipy,100,uniform,2,,ok,1.531651942072291,1.531652,-3.782041158029159e-08,0.0,,1.531651942072291,0.0,unlimited_hungarian,Венгерский SciPy
greedy,100,uniform,2,,ok,3.4770479892416657,1.531652,1.2701292390449432,0.0156550407409667,,1.531651942072291,1.2701293249021688,unlimited_hungarian,Жадный
aco,100,uniform,3,250.0,ok,1.7741663570666826,1.462691,0.21294679263541139,19.06689953804016,200.0,1.4626912665295322,0.2129465716139637,unlimited_hungarian,Муравьиный алг-м
hungarian_manual,100,uniform,3,250.0,ok,1.4626912665295322,1.462691,1.822186177502516e-07,0.0613265037536621,470.0,1.4626912665295322,0.0,unlimited_hungarian,Венгерский
hungarian_scipy,100,uniform,3,,ok,1.4626912665295322,1.462691,1.822186177502516e-07,0.0,,1.4626912665295322,0.0,unlimited_hungarian,Венгерский SciPy
greedy,100,uniform,3,,ok,4.105827207661571,1.462691,1.8070366247290583,0.0,,1.4626912665295322,1.8070361132348176,unlimited_hungarian,Жадный
aco,100,uniform,4,250.0,ok,1.8207473800773488,1.460538,0.24662787279574294,18.631351470947266,200.0,1.460537694294736,0.2466281337275248,unlimited_hungarian,Муравьиный алг-м
hungarian_manual,100,uniform,4,250.0,ok,1.460537694294736,1.460538,-2.09310037857513e-07,0.0625035762786865,767.0,1.460537694294736,0.0,unlimited_hungarian,Венгерский
hungarian_scipy,100,uniform,4,,ok,1.460537694294736,1.460538,-2.09310037857513e-07,0.0,,1.460537694294736,0.0,unlimited_hungarian,Венгерский SciPy
greedy,100,uniform,4,,ok,3.845671167945393,1.460538,1.6330510866169816,0.015625,,1.460537694294736,1.6330516377411195,unlimited_hungarian,Жадный
aco,300,uniform,0,250.0,ok,3.197077847175983,1.711219,0.8683043182526509,97.06004214286804,150.0,1.7112191994198425,0.8683041005266267,unlimited_hungarian,Муравьиный алг-м
hungarian_manual,300,uniform,0,250.0,ok,1.7112191994198425,1.711219,1.1653671583289338e-07,1.2819578647613523,4852.0,1.7112191994198425,0.0,unlimited_hungarian,Венгерский
hungarian_scipy,300,uniform,0,,ok,1.7112191994198425,1.711219,1.1653671583289338e-07,0.0,,1.7112191994198425,0.0,unlimited_hungarian,Венгерский SciPy
greedy,300,uniform,0,,ok,5.260889576171588,1.711219,2.0743520123208006,0.0936057567596435,,1.7112191994198425,2.0743516540459552,unlimited_hungarian,Жадный
aco,300,uniform,1,250.0,ok,2.884328381646904,1.628451,0.7712098071399776,101.0343301296234,150.0,1.6284514089738351,0.7712093623133995,unlimited_hungarian,Муравьиный алг-м
hungarian_manual,300,uniform,1,250.0,ok,1.6284514089738351,1.628451,2.5114285606697706e-07,1.109837770462036,4056.0,1.6284514089738351,0.0,unlimited_hungarian,Венгерский
hungarian_scipy,300,uniform,1,,ok,1.6284514089738351,1.628451,2.5114285606697706e-07,0.0,,1.6284514089738351,0.0,unlimited_hungarian,Венгерский SciPy
greedy,300,uniform,1,,ok,5.549148141772161,1.628451,2.4076236508019955,0.1094570159912109,,1.6284514089738351,2.407622795001874,unlimited_hungarian,Жадный
aco,300,uniform,2,250.0,ok,3.268614640559429,1.628006,1.0077411511747676,98.8258330821991,150.0,1.6280057887700177,1.0077414116745342,unlimited_hungarian,Муравьиный алг-м
hungarian_manual,300,uniform,2,250.0,ok,1.6280057887700177,1.628006,-1.2974766827600348e-07,0.8593418598175049,3195.0,1.6280057887700177,0.0,unlimited_hungarian,Венгерский
hungarian_scipy,300,uniform,2,,ok,1.6280057887700177,1.628006,-1.2974766827600348e-07,0.0,,1.6280057887700177,0.0,unlimited_hungarian,Венгерский SciPy
greedy,300,uniform,2,,ok,5.367730682128529,1.628006,2.2971197170824484,0.0940849781036377,,1.6280057887700177,2.297120144876099,unlimited_hungarian,Жадный
aco,300,uniform,3,250.0,ok,2.82309010136327,1.497873,0.8847326184284448,96.8836579322815,150.0,1.4978734496632655,0.8847320526296288,unlimited_hungarian,Муравьиный алг-м
hungarian_manual,300,uniform,3,250.0,ok,1.4978734496632655,1.497873,3.0020119567986114e-07,0.7343769073486328,2593.0,1.4978734496632655,0.0,unlimited_hungarian,Венгерский
hungarian_scipy,300,uniform,3,,ok,1.4978734496632655,1.497873,3.0020119567986114e-07,0.0,,1.4978734496632655,0.0,unlimited_hungarian,Венгерский SciPy
greedy,300,uniform,3,,ok,4.433063341908943,1.497873,1.9595722347014353,0.0937774181365966,,1.4978734496632655,1.9595713462345776,unlimited_hungarian,Жадный
aco,300,uniform,4,250.0,ok,3.1340461920244747,1.640847,0.9100173215567782,99.06313943862916,150.0,1.6408474603248129,0.9100167857188118,unlimited_hungarian,Муравьиный алг-м
hungarian_manual,300,uniform,4,250.0,ok,1.6408474603248129,1.640847,2.8054097245266973e-07,0.7658119201660156,2768.0,1.6408474603248129,0.0,unlimited_hungarian,Венгерский
hungarian_scipy,300,uniform,4,,ok,1.6408474603248129,1.640847,2.8054097245266973e-07,0.0,,1.6408474603248129,0.0,unlimited_hungarian,Венгерский SciPy
greedy,300,uniform,4,,ok,4.964668980659476,1.640847,2.025674533127998,0.0935633182525634,,1.6408474603248129,2.02567368430256,unlimited_hungarian,Жадный
aco,500,uniform,0,250.0,ok,3.5973982158061752,1.610976,1.2330551267096315,250.1948745250702,126.0,1.610976294335256,1.2330547187167546,unlimited_hungarian,Муравьиный алг-м
hungarian_manual,500,uniform,0,250.0,ok,1.610976294335256,1.610976,1.8270617063720351e-07,3.782630681991577,8213.0,1.610976294335256,0.0,unlimited_hungarian,Венгерский
hungarian_scipy,500,uniform,0,,ok,1.610976294335256,1.610976,1.8270617063720351e-07,0.0156247615814208,,1.610976294335256,0.0,unlimited_hungarian,Венгерский SciPy
greedy,500,uniform,0,,ok,5.336025433528437,1.610976,2.312293562119136,0.2812502384185791,,1.610976294335256,2.3122929569427737,unlimited_hungarian,Жадный
aco,500,uniform,1,250.0,ok,3.528030676336421,1.641463,1.1493208657986327,250.25038743019104,126.0,1.641463112646663,1.1493207182998424,unlimited_hungarian,Муравьиный алг-м
hungarian_manual,500,uniform,1,250.0,ok,1.641463112646663,1.641463,6.862577039967732e-08,3.3344571590423584,7200.0,1.641463112646663,0.0,unlimited_hungarian,Венгерский
hungarian_scipy,500,uniform,1,,ok,1.641463112646663,1.641463,6.862577039967732e-08,0.0,,1.641463112646663,0.0,unlimited_hungarian,Венгерский SciPy
greedy,500,uniform,1,,ok,4.649550809041362,1.641463,1.8325651014012272,0.296875,,1.641463112646663,1.832564907014278,unlimited_hungarian,Жадный
aco,500,uniform,2,250.0,ok,3.3124559685374857,1.615248,1.0507414146542735,250.0833630561829,124.0,1.615247646605878,1.0507418633284833,unlimited_hungarian,Муравьиный алг-м
hungarian_manual,500,uniform,2,250.0,ok,1.615247646605878,1.615248,-2.1878629286042894e-07,3.4531478881835938,7745.0,1.615247646605878,0.0,unlimited_hungarian,Венгерский
hungarian_scipy,500,uniform,2,,ok,1.615247646605878,1.615248,-2.1878629286042894e-07,0.0156242847442626,,1.615247646605878,0.0,unlimited_hungarian,Венгерский SciPy
greedy,500,uniform,2,,ok,5.433739452139351,1.615248,2.364027971023243,0.2658696174621582,,1.615247646605878,2.3640287070266126,unlimited_hungarian,Жадный
aco,500,uniform,3,250.0,ok,3.714292532213357,1.592993,1.3316439759706142,250.06622123718265,126.0,1.5929932572247831,1.3316435994739697,unlimited_hungarian,Муравьиный алг-м
hungarian_manual,500,uniform,3,250.0,ok,1.5929932572247831,1.592993,1.6147263859345173e-07,3.672471046447754,7919.0,1.5929932572247831,0.0,unlimited_hungarian,Венгерский
hungarian_scipy,500,uniform,3,,ok,1.5929932572247831,1.592993,1.6147263859345173e-07,0.0,,1.5929932572247831,0.0,unlimited_hungarian,Венгерский SciPy
greedy,500,uniform,3,,ok,5.603580899149696,1.592993,2.517643140396534,0.3123102188110351,,1.5929932572247831,2.517642572393506,unlimited_hungarian,Жадный
aco,500,uniform,4,250.0,ok,3.143687755047502,1.724703,0.8227415126242037,250.1616976261139,123.0,1.7247032213784608,0.8227412786618007,unlimited_hungarian,Муравьиный алг-м
hungarian_manual,500,uniform,4,250.0,ok,1.7247032213784608,1.724703,1.28357439344029e-07,3.875173807144165,8485.0,1.7247032213784608,0.0,unlimited_hungarian,Венгерский
hungarian_scipy,500,uniform,4,,ok,1.7247032213784608,1.724703,1.28357439344029e-07,0.0154552459716796,,1.7247032213784608,0.0,unlimited_hungarian,Венгерский SciPy
greedy,500,uniform,4,,ok,4.724210113510615,1.724703,1.7391441387361275,0.2658138275146484,,1.7247032213784608,1.7391437871466449,unlimited_hungarian,Жадный
aco,1000,uniform,0,250.0,ok,4.978087337281099,1.62482,2.0637777337065644,250.8875482082367,17.0,1.6248198110858956,2.0637780899250338,unlimited_hungarian,Муравьиный алг-м
hungarian_manual,1000,uniform,0,250.0,ok,1.6248198110858956,1.62482,-1.1626771234674038e-07,21.675461053848267,23694.0,1.6248198110858956,0.0,unlimited_hungarian,Венгерский
hungarian_scipy,1000,uniform,0,,ok,1.6248198110858956,1.62482,-1.1626771234674038e-07,0.0470824241638183,,1.6248198110858956,0.0,unlimited_hungarian,Венгерский SciPy
greedy,1000,uniform,0,,ok,6.726279968165372,1.62482,3.139707763423254,1.3439562320709229,,1.6248198110858956,3.1397082447376614,unlimited_hungarian,Жадный
aco,1000,uniform,1,250.0,ok,4.787410399536507,1.641331,1.9167854622477165,250.7742917537689,17.0,1.6413305815376849,1.916786205891204,unlimited_hungarian,Муравьиный алг-м
hungarian_manual,1000,uniform,1,250.0,ok,1.6413305815376849,1.641331,-2.5495303213052267e-07,21.066691637039185,22860.0,1.6413305815376849,0.0,unlimited_hungarian,Венгерский
hungarian_scipy,1000,uniform,1,,ok,1.6413305815376849,1.641331,-2.5495303213052267e-07,0.0468809604644775,,1.6413305815376849,0.0,unlimited_hungarian,Венгерский SciPy
greedy,1000,uniform,1,,ok,6.004178056202741,1.641331,2.658115307761043,1.344414234161377,,1.6413305815376849,2.6581162404088707,unlimited_hungarian,Жадный
aco,1000,uniform,2,250.0,ok,4.945336610406805,1.707851,1.8956487482847186,250.19811415672305,17.0,1.7078513784263705,1.895648106665747,unlimited_hungarian,Муравьиный алг-м
hungarian_manual,1000,uniform,2,250.0,ok,1.7078513784263705,1.707851,2.2158043666564708e-07,21.584909677505493,23834.0,1.7078513784263705,0.0,unlimited_hungarian,Венгерский
hungarian_scipy,1000,uniform,2,,ok,1.7078513784263705,1.707851,2.2158043666564708e-07,0.0624470710754394,,1.7078513784263705,0.0,unlimited_hungarian,Венгерский SciPy
greedy,1000,uniform,2,,ok,6.031548533166189,1.707851,2.531659689964868,1.2969388961791992,,1.7078513784263705,2.531658907418344,unlimited_hungarian,Жадный
aco,1000,uniform,3,250.0,ok,4.825339921073537,1.595814,2.023748332245197,250.47576999664307,17.0,1.5958138051694903,2.023748701410088,unlimited_hungarian,Муравьиный алг-м
hungarian_manual,1000,uniform,3,250.0,ok,1.5958138051694903,1.595814,-1.2208848254591231e-07,22.22609663009644,24612.0,1.5958138051694903,0.0,unlimited_hungarian,Венгерский
hungarian_scipy,1000,uniform,3,,ok,1.5958138051694903,1.595814,-1.2208848254591231e-07,0.0470693111419677,,1.5958138051694903,0.0,unlimited_hungarian,Венгерский SciPy
greedy,1000,uniform,3,,ok,6.83618661148264,1.595814,3.283824187206429,1.361782789230347,,1.5958138051694903,3.2838247102120874,unlimited_hungarian,Жадный
aco,1000,uniform,4,250.0,ok,5.078705440218189,1.684852,2.0143332709449786,250.1964945793152,17.0,1.684851685020159,2.014333834468892,unlimited_hungarian,Муравьиный алг-м
hungarian_manual,1000,uniform,4,250.0,ok,1.684851685020159,1.684852,-1.8694807679686676e-07,21.46484351158142,23524.0,1.684851685020159,0.0,unlimited_hungarian,Венгерский
hungarian_scipy,1000,uniform,4,,ok,1.684851685020159,1.684852,-1.8694807679686676e-07,0.0468688011169433,,1.684851685020159,0.0,unlimited_hungarian,Венгерский SciPy
greedy,1000,uniform,4,,ok,6.49499521950475,1.684852,2.8549351631506803,1.3270595073699951,,1.684851685020159,2.8549358838235297,unlimited_hungarian,Жадный
